{"cameraMode":{"drawMode":0,"name":"Shaded","section":"Shading Mode"},"sceneLighting":false,"audioPlay":false,"sceneViewState":{"showFog":true,"showMaterialUpdate":false,"showSkybox":false,"showFlares":true,"showImageEffects":true,"showParticleSystems":true},"in2DMode":false,"pivot":{"x":-0.9229999780654907,"y":0.6060000061988831,"z":0.0},"rotation":{"x":-0.03303447365760803,"y":0.964087188243866,"z":-0.14453387260437013,"w":-0.2203505039215088},"size":0.5715768337249756,"orthographic":false}